{"stats":{"minecraft:killed":{"minecraft:zombified_piglin":3,"minecraft:witch":4,"minecraft:spider":87,"minecraft:skeleton":181,"minecraft:chicken":245,"minecraft:silverfish":16,"minecraft:magma_cube":7,"minecraft:zombie_villager":2,"minecraft:creeper":128,"minecraft:sheep":3,"minecraft:pillager":31,"minecraft:zombie":397,"minecraft:cow":84,"minecraft:phantom":15,"minecraft:drowned":1,"minecraft:bat":1,"minecraft:squid":5,"minecraft:enderman":27},"minecraft:broken":{"minecraft:golden_helmet":2,"minecraft:iron_shovel":6,"minecraft:leather_leggings":1,"minecraft:iron_boots":4,"minecraft:iron_chestplate":3,"minecraft:iron_leggings":1,"minecraft:golden_leggings":2,"minecraft:stone_pickaxe":3,"minecraft:diamond_pickaxe":1,"minecraft:stone_axe":1,"minecraft:iron_sword":1,"minecraft:golden_chestplate":2,"minecraft:leather_helmet":3,"minecraft:stone_sword":2,"minecraft:chainmail_helmet":1,"minecraft:shield":8,"minecraft:iron_axe":16,"minecraft:leather_boots":1,"minecraft:iron_pickaxe":11,"minecraft:iron_helmet":3,"minecraft:wooden_hoe":2},"minecraft:used":{"minecraft:writable_book":39,"minecraft:iron_shovel":1628,"minecraft:dispenser":3,"minecraft:ladder":9,"minecraft:oak_sign":1,"minecraft:chest":47,"minecraft:shield":868,"minecraft:stone":9,"minecraft:iron_sword":308,"minecraft:rotten_flesh":3,"minecraft:carrot":464,"minecraft:obsidian":31,"minecraft:milk_bucket":1,"minecraft:glass":35,"minecraft:lava_bucket":4,"minecraft:stone_bricks":14,"minecraft:repeater":6,"minecraft:bow":156,"minecraft:sweet_berries":1088,"minecraft:scaffolding":18,"minecraft:oak_sapling":231,"minecraft:furnace":10,"minecraft:egg":561,"minecraft:potato":537,"minecraft:diorite":7,"minecraft:stone_pickaxe":412,"minecraft:oak_planks":12,"minecraft:blackstone":3,"minecraft:wooden_pickaxe":14,"minecraft:diamond_axe":224,"minecraft:sugar_cane":44,"minecraft:sand":33,"minecraft:blast_furnace":4,"minecraft:crossbow":224,"minecraft:pumpkin_seeds":44,"minecraft:redstone_torch":3,"minecraft:lever":2,"minecraft:gravel":124,"minecraft:grindstone":1,"minecraft:smithing_table":1,"minecraft:andesite":4,"minecraft:oak_boat":48,"minecraft:bone_meal":320,"minecraft:oak_fence":11,"minecraft:oak_trapdoor":2,"minecraft:enchanting_table":1,"minecraft:stone_sword":272,"minecraft:flint_and_steel":4,"minecraft:redstone":12,"minecraft:cooked_chicken":35,"minecraft:netherrack":941,"minecraft:torch":731,"minecraft:anvil":2,"minecraft:dirt":1300,"minecraft:hopper":3,"minecraft:oak_fence_gate":5,"minecraft:iron_hoe":1370,"minecraft:bookshelf":15,"minecraft:iron_axe":3192,"minecraft:barrel":3,"minecraft:bamboo":1,"minecraft:basalt":1,"minecraft:cooked_beef":137,"minecraft:wheat_seeds":708,"minecraft:cooked_mutton":6,"minecraft:water_bucket":107,"minecraft:stonecutter":7,"minecraft:oak_slab":5,"minecraft:crafting_table":22,"minecraft:white_bed":1,"minecraft:smoker":4,"minecraft:oak_log":1,"minecraft:piston":5,"minecraft:wooden_hoe":239,"minecraft:diamond_pickaxe":6756,"minecraft:diamond_shovel":395,"minecraft:iron_pickaxe":2794,"minecraft:spruce_sapling":9,"minecraft:stone_axe":141,"minecraft:chiseled_stone_bricks":44,"minecraft:cobblestone":812,"minecraft:white_banner":4,"minecraft:bucket":113,"minecraft:smooth_stone":1},"minecraft:picked_up":{"minecraft:iron_chestplate":9,"minecraft:wheat":660,"minecraft:anvil":1,"minecraft:stone_slab":1,"minecraft:lead":10,"minecraft:string":93,"minecraft:soul_soil":32,"minecraft:iron_leggings":8,"minecraft:gold_nugget":99,"minecraft:smooth_stone":1,"minecraft:bucket":2,"minecraft:spruce_planks":8,"minecraft:redstone_torch":1,"minecraft:iron_pickaxe":22,"minecraft:iron_boots":10,"minecraft:furnace":7,"minecraft:golden_helmet":3,"minecraft:stick":513,"minecraft:oak_fence":12,"minecraft:torch":757,"minecraft:diorite":77,"minecraft:golden_chestplate":2,"minecraft:stone_sword":4,"minecraft:rotten_flesh":505,"minecraft:obsidian":45,"minecraft:snowball":708,"minecraft:cobblestone":2497,"minecraft:feather":229,"minecraft:cooked_beef":149,"minecraft:repeater":4,"minecraft:water_bucket":12,"minecraft:andesite":159,"minecraft:golden_leggings":5,"minecraft:smoker":1,"minecraft:potato":1340,"minecraft:flint":20,"minecraft:lapis_lazuli":63,"minecraft:dirt":1622,"minecraft:leather_boots":1,"minecraft:bone":267,"minecraft:stonecutter":6,"minecraft:bow":22,"minecraft:wheat_seeds":2106,"minecraft:glowstone_dust":39,"minecraft:bamboo":169,"minecraft:oak_planks":353,"minecraft:mossy_stone_brick_stairs":8,"minecraft:poisonous_potato":5,"minecraft:sand":534,"minecraft:ink_sac":8,"minecraft:grass_block":9,"minecraft:barrel":1,"minecraft:iron_hoe":1,"minecraft:diamond":28,"minecraft:writable_book":7,"minecraft:crossbow":9,"minecraft:granite":150,"minecraft:emerald":9,"minecraft:chainmail_helmet":2,"minecraft:oak_sapling":241,"minecraft:netherrack":4862,"minecraft:crimson_roots":3,"minecraft:diamond_pickaxe":6,"minecraft:charcoal":54,"minecraft:crafting_table":9,"minecraft:chicken":242,"minecraft:ladder":12,"minecraft:leather_leggings":5,"minecraft:brown_mushroom":8,"minecraft:gold_block":1,"minecraft:shield":12,"minecraft:iron_axe":21,"minecraft:flint_and_steel":7,"minecraft:iron_shovel":11,"minecraft:blackstone":135,"minecraft:beef":182,"minecraft:oak_boat":60,"minecraft:sugar_cane":376,"minecraft:chest":10,"minecraft:piston":3,"minecraft:phantom_membrane":6,"minecraft:egg":2787,"minecraft:stone":155,"minecraft:carrot":1312,"minecraft:redstone":539,"minecraft:arrow":523,"minecraft:mutton":5,"minecraft:white_wool":4,"minecraft:stripped_oak_log":1,"minecraft:clock":8,"minecraft:basalt":662,"minecraft:leather":96,"minecraft:red_mushroom":8,"minecraft:oak_log":712,"minecraft:chainmail_chestplate":1,"minecraft:gunpowder":118,"minecraft:white_banner":4,"minecraft:cooked_mutton":4,"minecraft:apple":20,"minecraft:stone_bricks":2,"minecraft:oak_fence_gate":2,"minecraft:iron_ingot":189,"minecraft:stone_pickaxe":1,"minecraft:cooked_chicken":30,"minecraft:iron_ore":323,"minecraft:glass_bottle":2,"minecraft:iron_sword":4,"minecraft:soul_sand":13,"minecraft:book":3,"minecraft:oak_slab":10,"minecraft:scaffolding":18,"minecraft:pumpkin":101,"minecraft:sweet_berries":3727,"minecraft:chiseled_stone_bricks":19,"minecraft:quartz":237,"minecraft:gravel":479,"minecraft:spruce_sapling":12,"minecraft:blast_furnace":2,"minecraft:spruce_log":70,"minecraft:gold_ore":12,"minecraft:mossy_stone_brick_slab":9,"minecraft:spider_eye":20,"minecraft:leather_helmet":3,"minecraft:diamond_shovel":1,"minecraft:music_disc_mall":1,"minecraft:stone_axe":1,"minecraft:chainmail_leggings":1,"minecraft:iron_helmet":6,"minecraft:diamond_axe":1,"minecraft:coal":857,"minecraft:hopper":1,"minecraft:ender_pearl":17},"minecraft:custom":{"minecraft:animals_bred":228,"minecraft:interact_with_crafting_table":338,"minecraft:open_barrel":71,"minecraft:leave_game":23,"minecraft:time_since_death":35869,"minecraft:sprint_one_cm":6409971,"minecraft:damage_blocked_by_shield":31360,"minecraft:drop":51,"minecraft:talked_to_villager":25,"minecraft:deaths":13,"minecraft:jump":20422,"minecraft:walk_on_water_one_cm":191673,"minecraft:enchant_item":6,"minecraft:interact_with_furnace":201,"minecraft:traded_with_villager":7,"minecraft:play_one_minute":1607172,"minecraft:sleep_in_bed":22,"minecraft:damage_dealt":156495,"minecraft:crouch_one_cm":165478,"minecraft:interact_with_smoker":81,"minecraft:inspect_dispenser":51,"minecraft:horse_one_cm":5805,"minecraft:interact_with_smithing_table":7,"minecraft:mob_kills":1245,"minecraft:interact_with_anvil":14,"minecraft:inspect_hopper":2,"minecraft:climb_one_cm":8118,"minecraft:walk_one_cm":6795144,"minecraft:sneak_time":48622,"minecraft:walk_under_water_one_cm":186886,"minecraft:boat_one_cm":5143,"minecraft:interact_with_blast_furnace":77,"minecraft:interact_with_grindstone":13,"minecraft:interact_with_stonecutter":24,"minecraft:time_since_rest":35747,"minecraft:damage_taken":21212,"minecraft:swim_one_cm":53703,"minecraft:fly_one_cm":2891448,"minecraft:open_chest":1049,"minecraft:fall_one_cm":389517},"minecraft:mined":{"minecraft:oak_sapling":2,"minecraft:mossy_stone_brick_slab":3,"minecraft:obsidian":39,"minecraft:granite":146,"minecraft:grass_block":1149,"minecraft:soul_soil":32,"minecraft:hopper":1,"minecraft:chiseled_stone_bricks":9,"minecraft:smooth_stone":1,"minecraft:glowstone":12,"minecraft:iron_ore":321,"minecraft:fire":84,"minecraft:barrel":1,"minecraft:pumpkin":89,"minecraft:anvil":1,"minecraft:brown_mushroom":10,"minecraft:blackstone":139,"minecraft:smoker":1,"minecraft:soul_fire":4,"minecraft:torch":164,"minecraft:blast_furnace":2,"minecraft:chest":7,"minecraft:glass":1,"minecraft:nether_quartz_ore":146,"minecraft:cobblestone":95,"minecraft:sugar_cane":209,"minecraft:oak_planks":9,"minecraft:wall_torch":152,"minecraft:repeater":4,"minecraft:wheat":588,"minecraft:grass":129,"minecraft:oak_log":743,"minecraft:oak_fence_gate":2,"minecraft:sand":132,"minecraft:dirt":109,"minecraft:stonecutter":6,"minecraft:netherrack":5120,"minecraft:piston":3,"minecraft:oak_leaves":446,"minecraft:nether_gold_ore":18,"minecraft:diamond_ore":19,"minecraft:ladder":9,"minecraft:crimson_roots":3,"minecraft:redstone_wire":1,"minecraft:spruce_leaves":53,"minecraft:red_mushroom":8,"minecraft:large_fern":2,"minecraft:redstone_ore":88,"minecraft:furnace":7,"minecraft:carrots":352,"minecraft:snow":686,"minecraft:andesite":158,"minecraft:gold_block":1,"minecraft:mossy_stone_brick_stairs":2,"minecraft:potatoes":358,"minecraft:stripped_oak_log":1,"minecraft:bamboo":13,"minecraft:stone":1938,"minecraft:redstone_wall_torch":1,"minecraft:podzol":2,"minecraft:oak_slab":1,"minecraft:scaffolding":9,"minecraft:soul_sand":13,"minecraft:basalt":795,"minecraft:oak_fence":3,"minecraft:crafting_table":9,"minecraft:emerald_ore":5,"minecraft:lapis_ore":9,"minecraft:diorite":59,"minecraft:sweet_berry_bush":142,"minecraft:spruce_log":70,"minecraft:grass_path":2,"minecraft:coal_ore":647,"minecraft:gravel":180,"minecraft:stone_bricks":2,"minecraft:gold_ore":12,"minecraft:infested_stone":13,"minecraft:fern":2},"minecraft:crafted":{"minecraft:grindstone":1,"minecraft:smooth_stone":7,"minecraft:oak_planks":750,"minecraft:oak_sign":3,"minecraft:barrel":2,"minecraft:cooked_chicken":238,"minecraft:stone":88,"minecraft:lever":2,"minecraft:diamond_shovel":1,"minecraft:bookshelf":15,"minecraft:nether_brick":480,"minecraft:cooked_mutton":5,"minecraft:glass":35,"minecraft:hopper":2,"minecraft:repeater":2,"minecraft:bow":7,"minecraft:iron_boots":4,"minecraft:chest":42,"minecraft:chiseled_stone_bricks":2,"minecraft:stone_bricks":2,"minecraft:oak_fence":8,"minecraft:smoker":3,"minecraft:oak_slab":12,"minecraft:arrow":76,"minecraft:diamond_axe":1,"minecraft:crafting_table":13,"minecraft:spruce_planks":40,"minecraft:wooden_pickaxe":1,"minecraft:iron_helmet":4,"minecraft:smithing_table":1,"minecraft:clock":2,"minecraft:pumpkin_seeds":44,"minecraft:dispenser":3,"minecraft:diamond_pickaxe":4,"minecraft:iron_chestplate":4,"minecraft:book":54,"minecraft:wooden_hoe":3,"minecraft:paper":162,"minecraft:charcoal":256,"minecraft:shield":16,"minecraft:stick":116,"minecraft:stone_slab":2,"minecraft:iron_ingot":319,"minecraft:compass":1,"minecraft:iron_pickaxe":12,"minecraft:iron_block":3,"minecraft:stone_sword":2,"minecraft:snow_block":174,"minecraft:gold_ingot":32,"minecraft:redstone_torch":6,"minecraft:tripwire_hook":2,"minecraft:iron_nugget":2,"minecraft:furnace":8,"minecraft:blast_furnace":2,"minecraft:piston":2,"minecraft:bone_meal":405,"minecraft:vine":3,"minecraft:oak_trapdoor":2,"minecraft:flint_and_steel":1,"minecraft:scaffolding":6,"minecraft:iron_axe":20,"minecraft:ladder":3,"minecraft:iron_hoe":1,"minecraft:stone_pickaxe":3,"minecraft:cooked_beef":182,"minecraft:crossbow":1,"minecraft:enchanting_table":1,"minecraft:iron_sword":1,"minecraft:nether_bricks":120,"minecraft:bucket":4,"minecraft:stone_axe":1,"minecraft:air":0,"minecraft:beetroot_seeds":4,"minecraft:oak_fence_gate":3,"minecraft:oak_boat":1,"minecraft:gold_nugget":1,"minecraft:writable_book":1,"minecraft:iron_shovel":8,"minecraft:iron_leggings":4,"minecraft:stonecutter":1,"minecraft:anvil":1,"minecraft:white_bed":1,"minecraft:torch":444},"minecraft:killed_by":{"minecraft:creeper":3,"minecraft:piglin":1,"minecraft:zombie":1,"minecraft:enderman":2,"minecraft:skeleton":3,"minecraft:phantom":1},"minecraft:dropped":{"minecraft:cooked_beef":1,"minecraft:crossbow":1,"minecraft:mossy_stone_brick_stairs":2,"minecraft:dirt":3,"minecraft:snowball":11,"minecraft:sand":1,"minecraft:iron_pickaxe":1,"minecraft:oak_planks":4,"minecraft:diamond_shovel":1,"minecraft:basalt":16,"minecraft:oak_slab":6,"minecraft:wheat_seeds":64,"minecraft:cobblestone":491,"minecraft:lead":2,"minecraft:granite":83,"minecraft:iron_axe":5,"minecraft:smooth_stone":1,"minecraft:sweet_berries":8,"minecraft:stone_sword":2,"minecraft:andesite":85,"minecraft:bamboo":67}},"DataVersion":2578}