{"stats":{"minecraft:broken":{"minecraft:iron_shovel":6,"minecraft:iron_boots":2,"minecraft:iron_chestplate":1,"minecraft:iron_leggings":1,"minecraft:stone_pickaxe":3,"minecraft:stone_axe":1,"minecraft:iron_sword":1,"minecraft:golden_chestplate":1,"minecraft:leather_helmet":2,"minecraft:stone_sword":2,"minecraft:shield":6,"minecraft:iron_axe":10,"minecraft:iron_pickaxe":7,"minecraft:iron_helmet":3,"minecraft:wooden_hoe":2},"minecraft:killed":{"minecraft:zombified_piglin":2,"minecraft:witch":3,"minecraft:spider":59,"minecraft:skeleton":108,"minecraft:chicken":45,"minecraft:silverfish":11,"minecraft:magma_cube":7,"minecraft:zombie_villager":2,"minecraft:creeper":70,"minecraft:sheep":3,"minecraft:pillager":9,"minecraft:zombie":212,"minecraft:cow":55,"minecraft:phantom":13,"minecraft:drowned":1,"minecraft:bat":1,"minecraft:squid":5,"minecraft:enderman":21},"minecraft:used":{"minecraft:writable_book":19,"minecraft:iron_shovel":1578,"minecraft:dispenser":23,"minecraft:diamond_hoe":63,"minecraft:ladder":9,"minecraft:chest":41,"minecraft:shield":649,"minecraft:stone":299,"minecraft:iron_sword":259,"minecraft:farmland":2,"minecraft:carrot":345,"minecraft:music_disc_13":1,"minecraft:obsidian":11,"minecraft:glass":75,"minecraft:lava_bucket":4,"minecraft:grass_block":18,"minecraft:stone_bricks":1,"minecraft:repeater":135,"minecraft:bow":156,"minecraft:sweet_berries":902,"minecraft:furnace":10,"minecraft:oak_sapling":231,"minecraft:gold_block":1,"minecraft:egg":789,"minecraft:potato":368,"minecraft:diorite":7,"minecraft:cow_spawn_egg":1,"minecraft:stone_pickaxe":412,"minecraft:oak_planks":12,"minecraft:wooden_pickaxe":14,"minecraft:redstone_block":10,"minecraft:sugar_cane":41,"minecraft:sand":40,"minecraft:blast_furnace":4,"minecraft:crossbow":15,"minecraft:note_block":33,"minecraft:pumpkin_seeds":19,"minecraft:redstone_torch":200,"minecraft:sticky_piston":1,"minecraft:lever":28,"minecraft:stone_button":1,"minecraft:gravel":124,"minecraft:grindstone":1,"minecraft:smithing_table":1,"minecraft:andesite":4,"minecraft:oak_boat":31,"minecraft:bone_meal":258,"minecraft:oak_fence":11,"minecraft:oak_trapdoor":2,"minecraft:enchanting_table":1,"minecraft:stone_sword":272,"minecraft:flint_and_steel":1,"minecraft:redstone":333,"minecraft:netherrack":12,"minecraft:torch":615,"minecraft:anvil":1,"minecraft:dirt":1045,"minecraft:target":5,"minecraft:hopper":3,"minecraft:oak_fence_gate":5,"minecraft:iron_hoe":916,"minecraft:bookshelf":15,"minecraft:iron_axe":2399,"minecraft:barrel":3,"minecraft:bamboo":5,"minecraft:cooked_beef":65,"minecraft:observer":11,"minecraft:pumpkin":1,"minecraft:wheat_seeds":594,"minecraft:cooked_mutton":6,"minecraft:water_bucket":92,"minecraft:stonecutter":3,"minecraft:comparator":5,"minecraft:oak_slab":4,"minecraft:crafting_table":21,"minecraft:phantom_spawn_egg":2,"minecraft:white_bed":1,"minecraft:smoker":4,"minecraft:oak_log":1,"minecraft:piston":24,"minecraft:wooden_hoe":239,"minecraft:diamond_pickaxe":242,"minecraft:iron_pickaxe":2008,"minecraft:spruce_sapling":9,"minecraft:stone_axe":141,"minecraft:chiseled_stone_bricks":26,"minecraft:cobblestone":522,"minecraft:bucket":96,"minecraft:jukebox":1,"minecraft:smooth_stone":1},"minecraft:picked_up":{"minecraft:iron_chestplate":3,"minecraft:wheat":500,"minecraft:lead":1,"minecraft:string":84,"minecraft:iron_leggings":3,"minecraft:sticky_piston":1,"minecraft:gold_nugget":1,"minecraft:smooth_stone":1,"minecraft:comparator":1,"minecraft:bucket":1,"minecraft:redstone_torch":21,"minecraft:iron_pickaxe":18,"minecraft:iron_boots":5,"minecraft:furnace":7,"minecraft:golden_helmet":2,"minecraft:stick":429,"minecraft:oak_fence":12,"minecraft:torch":521,"minecraft:target":1,"minecraft:diorite":25,"minecraft:golden_chestplate":1,"minecraft:phantom_spawn_egg":425,"minecraft:stone_sword":4,"minecraft:rotten_flesh":246,"minecraft:obsidian":21,"minecraft:snowball":560,"minecraft:cobblestone":1719,"minecraft:feather":45,"minecraft:cooked_beef":101,"minecraft:repeater":147,"minecraft:water_bucket":7,"minecraft:andesite":142,"minecraft:golden_leggings":1,"minecraft:smoker":1,"minecraft:potato":980,"minecraft:flint":20,"minecraft:lapis_lazuli":34,"minecraft:dirt":1238,"minecraft:glass":1,"minecraft:bone":171,"minecraft:stonecutter":2,"minecraft:bow":16,"minecraft:wheat_seeds":1676,"minecraft:glowstone_dust":39,"minecraft:diamond_helmet":2,"minecraft:bamboo":916,"minecraft:oak_planks":373,"minecraft:mossy_stone_brick_stairs":8,"minecraft:music_disc_13":1,"minecraft:poisonous_potato":3,"minecraft:sand":534,"minecraft:ink_sac":8,"minecraft:grass_block":8,"minecraft:barrel":1,"minecraft:iron_hoe":1,"minecraft:diamond":26,"minecraft:lever":81,"minecraft:granite":125,"minecraft:bone_meal":375,"minecraft:emerald":7,"minecraft:oak_sapling":241,"minecraft:netherrack":46,"minecraft:crimson_roots":3,"minecraft:charcoal":54,"minecraft:crafting_table":9,"minecraft:chicken":49,"minecraft:ladder":12,"minecraft:leather_leggings":1,"minecraft:gold_block":1,"minecraft:shield":5,"minecraft:iron_axe":14,"minecraft:flint_and_steel":5,"minecraft:iron_shovel":7,"minecraft:beef":141,"minecraft:oak_boat":40,"minecraft:sugar_cane":261,"minecraft:chest":5,"minecraft:phantom_membrane":5,"minecraft:egg":1415,"minecraft:stone":82,"minecraft:carrot":704,"minecraft:redstone":465,"minecraft:arrow":911,"minecraft:diamond_chestplate":6,"minecraft:stripped_dark_oak_wood":64,"minecraft:mutton":5,"minecraft:white_wool":4,"minecraft:stripped_oak_log":1,"minecraft:clock":5,"minecraft:leather":59,"minecraft:red_mushroom":2,"minecraft:oak_log":712,"minecraft:gunpowder":64,"minecraft:cooked_mutton":4,"minecraft:apple":20,"minecraft:stone_bricks":1,"minecraft:stone_pickaxe":1,"minecraft:iron_ingot":132,"minecraft:oak_fence_gate":2,"minecraft:cooked_chicken":1,"minecraft:iron_ore":267,"minecraft:glass_bottle":2,"minecraft:book":3,"minecraft:oak_slab":10,"minecraft:pumpkin":1,"minecraft:sweet_berries":2832,"minecraft:chiseled_stone_bricks":1,"minecraft:quartz":35,"minecraft:gravel":479,"minecraft:spruce_sapling":12,"minecraft:blast_furnace":2,"minecraft:spruce_log":70,"minecraft:gold_ore":5,"minecraft:mossy_stone_brick_slab":9,"minecraft:spider_eye":14,"minecraft:leather_helmet":2,"minecraft:pumpkin_seeds":5,"minecraft:music_disc_mall":1,"minecraft:stone_axe":1,"minecraft:iron_helmet":5,"minecraft:coal":463,"minecraft:ender_pearl":12},"minecraft:custom":{"minecraft:animals_bred":185,"minecraft:interact_with_crafting_table":239,"minecraft:open_barrel":49,"minecraft:leave_game":23,"minecraft:time_since_death":253339,"minecraft:sprint_one_cm":3789358,"minecraft:damage_blocked_by_shield":22705,"minecraft:drop":49,"minecraft:talked_to_villager":16,"minecraft:deaths":14,"minecraft:jump":14273,"minecraft:walk_on_water_one_cm":174149,"minecraft:enchant_item":3,"minecraft:interact_with_furnace":136,"minecraft:play_record":1,"minecraft:traded_with_villager":7,"minecraft:play_one_minute":1366202,"minecraft:sleep_in_bed":17,"minecraft:damage_dealt":94553,"minecraft:crouch_one_cm":102985,"minecraft:interact_with_smoker":45,"minecraft:inspect_dispenser":94,"minecraft:horse_one_cm":4872,"minecraft:interact_with_smithing_table":1,"minecraft:mob_kills":631,"minecraft:interact_with_anvil":3,"minecraft:inspect_hopper":3,"minecraft:climb_one_cm":1547,"minecraft:walk_one_cm":5670395,"minecraft:sneak_time":31701,"minecraft:walk_under_water_one_cm":171316,"minecraft:boat_one_cm":3878,"minecraft:interact_with_blast_furnace":56,"minecraft:tune_noteblock":196,"minecraft:interact_with_grindstone":2,"minecraft:interact_with_stonecutter":10,"minecraft:time_since_rest":253408,"minecraft:damage_taken":13410,"minecraft:swim_one_cm":50916,"minecraft:fly_one_cm":1937626,"minecraft:open_chest":690,"minecraft:fall_one_cm":230124},"minecraft:mined":{"minecraft:oak_sapling":2,"minecraft:mossy_stone_brick_slab":3,"minecraft:obsidian":21,"minecraft:granite":123,"minecraft:grass_block":943,"minecraft:chiseled_stone_bricks":1,"minecraft:smooth_stone":1,"minecraft:glowstone":12,"minecraft:iron_ore":269,"minecraft:fire":61,"minecraft:barrel":1,"minecraft:pumpkin":1,"minecraft:smoker":1,"minecraft:soul_fire":4,"minecraft:torch":135,"minecraft:blast_furnace":2,"minecraft:chest":4,"minecraft:nether_quartz_ore":36,"minecraft:cobblestone":61,"minecraft:sugar_cane":149,"minecraft:oak_planks":9,"minecraft:wall_torch":117,"minecraft:wheat":504,"minecraft:grass":126,"minecraft:oak_log":743,"minecraft:oak_fence_gate":2,"minecraft:sand":132,"minecraft:dirt":82,"minecraft:stonecutter":2,"minecraft:netherrack":30,"minecraft:oak_leaves":446,"minecraft:diamond_ore":17,"minecraft:ladder":9,"minecraft:crimson_roots":3,"minecraft:spruce_leaves":53,"minecraft:red_mushroom":2,"minecraft:large_fern":2,"minecraft:redstone_ore":80,"minecraft:furnace":7,"minecraft:carrots":193,"minecraft:snow":489,"minecraft:andesite":141,"minecraft:gold_block":1,"minecraft:mossy_stone_brick_stairs":2,"minecraft:potatoes":260,"minecraft:stripped_oak_log":1,"minecraft:stone":1430,"minecraft:oak_slab":1,"minecraft:oak_fence":3,"minecraft:crafting_table":9,"minecraft:emerald_ore":3,"minecraft:lapis_ore":5,"minecraft:diorite":7,"minecraft:sweet_berry_bush":115,"minecraft:spruce_log":70,"minecraft:grass_path":2,"minecraft:coal_ore":284,"minecraft:gravel":180,"minecraft:stone_bricks":1,"minecraft:gold_ore":5,"minecraft:infested_stone":13,"minecraft:fern":2},"minecraft:crafted":{"minecraft:grindstone":1,"minecraft:smooth_stone":7,"minecraft:oak_planks":602,"minecraft:barrel":2,"minecraft:cooked_chicken":44,"minecraft:stone":88,"minecraft:bookshelf":15,"minecraft:cooked_mutton":5,"minecraft:bow":7,"minecraft:iron_boots":3,"minecraft:chest":36,"minecraft:chiseled_stone_bricks":1,"minecraft:stone_bricks":1,"minecraft:oak_fence":8,"minecraft:smoker":3,"minecraft:oak_slab":12,"minecraft:arrow":76,"minecraft:crafting_table":12,"minecraft:spruce_planks":24,"minecraft:wooden_pickaxe":1,"minecraft:iron_helmet":3,"minecraft:smithing_table":1,"minecraft:clock":1,"minecraft:dispenser":2,"minecraft:diamond_pickaxe":1,"minecraft:iron_chestplate":3,"minecraft:book":54,"minecraft:wooden_hoe":3,"minecraft:paper":162,"minecraft:charcoal":192,"minecraft:shield":13,"minecraft:stick":80,"minecraft:stone_slab":2,"minecraft:iron_ingot":267,"minecraft:compass":1,"minecraft:iron_pickaxe":9,"minecraft:iron_block":3,"minecraft:stone_sword":2,"minecraft:snow_block":125,"minecraft:gold_ingot":14,"minecraft:tripwire_hook":2,"minecraft:furnace":8,"minecraft:blast_furnace":2,"minecraft:bone_meal":228,"minecraft:vine":3,"minecraft:oak_trapdoor":2,"minecraft:flint_and_steel":1,"minecraft:iron_axe":15,"minecraft:ladder":3,"minecraft:iron_hoe":1,"minecraft:stone_pickaxe":3,"minecraft:cooked_beef":129,"minecraft:crossbow":1,"minecraft:enchanting_table":1,"minecraft:iron_sword":1,"minecraft:bucket":2,"minecraft:stone_axe":1,"minecraft:air":0,"minecraft:beetroot_seeds":4,"minecraft:oak_fence_gate":3,"minecraft:oak_boat":1,"minecraft:writable_book":1,"minecraft:iron_shovel":7,"minecraft:iron_leggings":3,"minecraft:stonecutter":1,"minecraft:anvil":1,"minecraft:white_bed":1,"minecraft:torch":352},"minecraft:dropped":{"minecraft:mossy_stone_brick_stairs":2,"minecraft:snowball":11,"minecraft:sand":1,"minecraft:iron_pickaxe":1,"minecraft:oak_planks":4,"minecraft:glass":1,"minecraft:oak_slab":6,"minecraft:wheat_seeds":64,"minecraft:cobblestone":342,"minecraft:granite":59,"minecraft:diamond_helmet":2,"minecraft:iron_axe":2,"minecraft:smooth_stone":1,"minecraft:sweet_berries":8,"minecraft:stone_sword":2,"minecraft:sticky_piston":1,"minecraft:comparator":1,"minecraft:target":1,"minecraft:stone":1,"minecraft:andesite":68,"minecraft:bamboo":12},"minecraft:killed_by":{"minecraft:creeper":1,"minecraft:piglin":1,"minecraft:spider":4,"minecraft:skeleton":3}},"DataVersion":2578}